MATCHID,TEAMID,PLAYER,GTIME
1001,POL,Robert Lewandowski,17
1001,GRE,Dimitris Salpingidis,51
1002,RUS,Alan Dzagoev,15
1002,RUS,Alan Dzagoev,79
1002,RUS,Roman Shirokov,24
1002,RUS,Roman Pavlyuchenko,82
1002,CZE,Václav Pilar,52
1003,GRE,Theofanis Gekas,53
1003,CZE,Petr Jirácek,3
1003,CZE,Václav Pilar,6
1004,POL,Jakub Blaszczykowski,57
1004,RUS,Alan Dzagoev,37
1005,CZE,Petr Jirácek,72
1006,GRE,Giorgos Karagounis,45
1007,DEN,Michael Krohn-Dehli,24
1008,GER,Mario Gómez,72
1009,DEN,Nicklas Bendtner,41
1009,DEN,Nicklas Bendtner,80
1009,POR,Pepe (footballer born 1983),24
1009,POR,Hélder Postiga,36
1009,POR,Silvestre Varela,87
1010,NED,Robin van Persie,73
1010,GER,Mario Gómez,24
1010,GER,Mario Gómez,38
1011,POR,Cristiano Ronaldo,28
1011,POR,Cristiano Ronaldo,74
1011,NED,Rafael van der Vaart,11
1012,DEN,Michael Krohn-Dehli,24
1012,GER,Lukas Podolski,19
1012,GER,Lars Bender,80
1013,ESP,Cesc Fàbregas,64
1013,ITA,Antonio Di Natale,61
1014,IRL,Sean St Ledger,19
1014,CRO,Mario Mandukic,3
1014,CRO,Mario Mandukic,49
1014,CRO,Nikica Jelavic,43
1015,ITA,Andrea Pirlo,39
1015,CRO,Mario Mandukic,72
1016,ESP,Fernando Torres,4
1016,ESP,Fernando Torres,70
1016,ESP,David Silva,49
1016,ESP,Cesc Fàbregas,83
1017,ESP,Jesús Navas,88
1018,ITA,Antonio Cassano,35
1018,ITA,Mario Balotelli,90
1019,FRA,Samir Nasri,39
1019,ENG,Joleon Lescott,30
1020,UKR,Andriy Shevchenko,55
1020,UKR,Andriy Shevchenko,62
1020,SWE,Zlatan Ibrahimovic,52
